-- test_data.sql
-- Sample data for testing the Mouin-Almojtahidin-bot

-- Insert sample courses
INSERT OR IGNORE INTO courses (course_id, name, description, created_at) VALUES
(1, 'رياضيات 101', 'مقدمة في الرياضيات الأساسية', '2024-01-01 10:00:00'),
(2, 'فيزياء 101', 'مبادئ الفيزياء العامة', '2024-01-01 11:00:00'),
(3, 'كيمياء 101', 'أساسيات الكيمياء', '2024-01-01 12:00:00'),
(4, 'تاريخ الإسلام', 'تاريخ الحضارة الإسلامية', '2024-01-01 13:00:00');

-- Insert sample lessons
INSERT OR IGNORE INTO lessons (lesson_id, course_id, title, date, time, zoom_link) VALUES
-- Mathematics lessons
(1, 1, 'الأعداد الطبيعية والصحيحة', '2024-12-25', '10:00', 'https://zoom.us/j/123456789'),
(2, 1, 'العمليات الحسابية الأساسية', '2024-12-27', '10:00', 'https://zoom.us/j/123456789'),
(3, 1, 'الكسور والأعداد العشرية', '2024-12-29', '10:00', 'https://zoom.us/j/123456789'),
(4, 1, 'النسب والتناسب', '2025-01-02', '10:00', 'https://zoom.us/j/123456789'),
(5, 1, 'الهندسة الأساسية', '2025-01-05', '10:00', 'https://zoom.us/j/123456789'),

-- Physics lessons
(6, 2, 'مقدمة في الحركة', '2024-12-26', '14:00', 'https://zoom.us/j/234567890'),
(7, 2, 'قوانين نيوتن', '2024-12-28', '14:00', 'https://zoom.us/j/234567890'),
(8, 2, 'الطاقة والعمل', '2024-12-30', '14:00', 'https://zoom.us/j/234567890'),
(9, 2, 'الكهرباء والمغناطيسية', '2025-01-03', '14:00', 'https://zoom.us/j/234567890'),

-- Chemistry lessons
(10, 3, 'الذرة والعناصر', '2024-12-24', '16:00', 'https://zoom.us/j/345678901'),
(11, 3, 'التفاعلات الكيميائية', '2024-12-31', '16:00', 'https://zoom.us/j/345678901'),
(12, 3, 'الأحماض والقواعد', '2025-01-04', '16:00', 'https://zoom.us/j/345678901'),

-- Islamic History lessons
(13, 4, 'عصر الرسالة', '2024-12-23', '18:00', 'https://zoom.us/j/456789012'),
(14, 4, 'الخلافة الراشدة', '2025-01-01', '18:00', 'https://zoom.us/j/456789012'),
(15, 4, 'العصر الأموي', '2025-01-06', '18:00', 'https://zoom.us/j/456789012');

-- Insert sample assignments
INSERT OR IGNORE INTO assignments (assignment_id, course_id, title, question, correct_answer, deadline) VALUES
-- Mathematics assignments
(1, 1, 'تمرين الأعداد الطبيعية', 'ما هو مجموع الأعداد من 1 إلى 10؟', '55', '2024-12-26 23:59:59'),
(2, 1, 'تمرين العمليات الحسابية', 'احسب: 15 × 8 + 32 ÷ 4', '128', '2024-12-28 23:59:59'),
(3, 1, 'تمرين الكسور', 'احسب: 3/4 + 1/2', '5/4', '2024-12-30 23:59:59'),
(4, 1, 'تمرين النسب', 'إذا كانت النسبة 3:4 = x:12، فما قيمة x؟', '9', '2025-01-03 23:59:59'),

-- Physics assignments
(5, 2, 'قانون نيوتن الثاني', 'إذا كانت القوة 20 نيوتن والكتلة 4 كيلو، فما التسارع؟', '5', '2024-12-29 23:59:59'),
(6, 2, 'الطاقة الحركية', 'احسب الطاقة الحركية لجسم كتلته 2 كيلو وسرعته 10 م/ث', '100', '2025-01-01 23:59:59'),

-- Chemistry assignments
(7, 3, 'العناصر الكيميائية', 'ما هو الرمز الكيميائي للذهب؟', 'Au', '2024-12-25 23:59:59'),
(8, 3, 'التفاعلات', 'ما ناتج تفاعل H₂ + Cl₂؟', '2HCl', '2025-01-02 23:59:59'),

-- Islamic History assignments
(9, 4, 'تاريخ الإسلام', 'في أي عام حدثت غزوة بدر؟', '624', '2024-12-24 23:59:59'),
(10, 4, 'الخلفاء الراشدون', 'من هو أول الخلفاء الراشدين؟', 'أبو بكر الصديق', '2025-01-02 23:59:59');

-- Insert sample users for testing
INSERT OR IGNORE INTO users (user_id, username, first_name, join_date, is_verified, reminders_enabled, language) VALUES
(123456789, 'test_user1', 'أحمد محمد', '2024-12-01 10:00:00', 1, 1, 'ar'),
(987654321, 'test_user2', 'فاطمة علي', '2024-12-02 11:00:00', 1, 1, 'ar'),
(555666777, 'test_user3', 'Mohammed Ahmed', '2024-12-03 12:00:00', 0, 1, 'en'),
(444555666, 'test_admin', 'Admin User', '2024-12-01 09:00:00', 1, 1, 'ar');

-- Insert sample attendance records
INSERT OR IGNORE INTO attendance (user_id, lesson_id, attended_at) VALUES
(123456789, 1, '2024-12-25 10:30:00'),
(123456789, 6, '2024-12-26 14:30:00'),
(987654321, 1, '2024-12-25 10:15:00'),
(987654321, 10, '2024-12-24 16:30:00'),
(444555666, 1, '2024-12-25 10:00:00'),
(444555666, 6, '2024-12-26 14:00:00'),
(444555666, 10, '2024-12-24 16:00:00'),
(444555666, 13, '2024-12-23 18:00:00');

-- Insert sample assignment submissions
INSERT OR IGNORE INTO submissions (user_id, assignment_id, answer, submitted_at, score) VALUES
(123456789, 1, '55', '2024-12-25 15:30:00', 100),
(123456789, 5, '5', '2024-12-27 16:00:00', 100),
(123456789, 7, 'Au', '2024-12-24 20:00:00', 100),
(987654321, 1, '55', '2024-12-25 18:45:00', 100),
(987654321, 7, 'Au', '2024-12-24 19:30:00', 100),
(987654321, 9, '624', '2024-12-23 21:00:00', 100),
(444555666, 1, '55', '2024-12-25 12:00:00', 100),
(444555666, 2, '128', '2024-12-27 13:00:00', 100),
(444555666, 5, '5', '2024-12-28 14:00:00', 100),
(444555666, 7, 'Au', '2024-12-24 17:00:00', 100);

-- Insert sample announcements
INSERT OR IGNORE INTO announcements (announcement_id, content, published_at, sent_to_group) VALUES
(1, 'مرحباً بكم في بوت معين المجتهدين! نتمنى لكم تجربة تعليمية مفيدة.', '2024-12-20 10:00:00', 1),
(2, 'تذكير: دروس الرياضيات تبدأ غداً في تمام الساعة 10:00 صباحاً', '2024-12-24 20:00:00', 1),
(3, 'تم إضافة دروس جديدة في الفيزياء، تحققوا من قائمة الدروس', '2024-12-25 15:00:00', 0);

-- Update the database version or add any additional setup
PRAGMA user_version = 1;